x,y,z,type
218,63,8,minecraft:beehive
225,33,11,minecraft:chest
225,33,14,minecraft:mob_spawner
227,33,17,minecraft:chest
-41,11,182,minecraft:chest
-40,11,185,minecraft:chest
-38,11,183,minecraft:mob_spawner
251,18,142,minecraft:mob_spawner
198,28,198,minecraft:mob_spawner
50,62,200,minecraft:chest
265,24,47,minecraft:chest
265,24,50,minecraft:mob_spawner
-57,18,169,minecraft:mob_spawner
253,13,-111,minecraft:chest
264,31,202,minecraft:mob_spawner
186,52,220,minecraft:mob_spawner
188,52,222,minecraft:chest
183,52,219,minecraft:chest
-66,13,172,minecraft:mob_spawner
251,13,-113,minecraft:chest
254,13,-113,minecraft:mob_spawner
-69,13,106,minecraft:mob_spawner
288,16,-84,minecraft:mob_spawner
289,16,-86,minecraft:chest
302,40,-65,minecraft:mob_spawner
21,39,-131,minecraft:chest
19,39,-132,minecraft:mob_spawner
20,39,-134,minecraft:chest
238,25,240,minecraft:mob_spawner
227,29,255,minecraft:chest
338,49,10,minecraft:chest
341,49,10,minecraft:mob_spawner
226,29,256,minecraft:chest
228,29,257,minecraft:mob_spawner
