x,y,z,uuid,type,alive,display_name,custom_name
22.098603990062546,71.0,-49.02249407804761,80ffa61f-0ecd-46d6-a1df-197614a2173c,minecraft:pig,true,Pig,[null]
32.2575143032083,70.0,-53.71579148976814,e5019180-46ee-40b9-ae39-caf35f87caff,minecraft:pig,true,Pig,[null]
21.035168142453486,71.0,-48.724600331951194,603cfa18-9b9f-44cc-b34a-acd56470caa8,minecraft:sheep,true,Sheep,[null]
91.50526056856273,69.0,64.25634670703009,6aae539b-3b7d-4f7a-9847-6cdc3006e183,minecraft:enderman,true,Enderman,[null]
114.23073848795403,78.0,69.42566297562115,102829f7-ca48-438b-8093-571355c56a58,minecraft:enderman,true,Enderman,[null]
120.51530996960167,82.0,54.9196873510638,1aa4ffdb-6d6c-401b-83e5-8f1bf3b32269,minecraft:enderman,true,Enderman,[null]
127.64513357860727,81.0,51.344428326757594,9ea2e93d-a1f3-4afd-a9b8-aec561a2d921,minecraft:enderman,true,Enderman,[null]
123.46119297079828,81.0,52.49673972693353,3285e394-7055-4e65-a659-d39e9bbeefa5,minecraft:enderman,true,Enderman,[null]
119.8559380195381,83.0,56.99148307036292,c6100075-3f8b-4204-935f-f1e1013b6326,minecraft:enderman,true,Enderman,[null]
111.7532125554334,79.0,64.67444273742444,ec0e9cb3-cc9c-42c1-b372-042cc6e09358,minecraft:enderman,true,Enderman,[null]
112.67472001101054,80.0,61.41938542115316,4ff8a5e1-014b-4937-929e-4eefd240693f,minecraft:enderman,true,Enderman,[null]
143.55091536659282,20.0,62.73242610143735,2dfe5dae-611b-43b4-a29a-7d56e6612bd2,minecraft:zombie,true,Zombie,[null]
135.99499914125772,82.0,64.95932387625132,cbafa029-32ef-4e52-bf21-c270b842d202,minecraft:enderman,true,Enderman,[null]
132.2048257920879,82.0,61.498186751862754,6cacd927-f5fb-4184-9478-338c081ecf96,minecraft:enderman,true,Enderman,[null]
142.79863603855011,20.0,66.78906596562832,682d2507-b8ca-49b0-80d2-3a12c91a8281,minecraft:zombie,true,Zombie,[null]
135.35794442848953,21.0,93.65754139493936,22944932-5d1c-45cf-8821-8887d5d9c907,minecraft:zombie,true,Zombie,[null]
137.43103220335067,22.0,90.74511993463425,d9fe5188-f9a4-46be-a64e-6860a66fcbb3,minecraft:zombie,true,Zombie,[null]
66.77023060778996,71.0,37.044223540167714,e0803eaa-74ce-4f69-b410-10c34b36c891,minecraft:cow,true,Cow,[null]
63.83603957883222,71.0,36.746993185264635,842ac3e5-500e-43b9-8b59-a36277e05c00,minecraft:cow,true,Cow,[null]
64.29487061921472,71.0,38.42886836432372,0a92f5f1-b803-42af-a047-40c184ef3fa1,minecraft:cow,true,Cow,[null]
65.6754544379485,71.0,39.12784171931396,a69fd74f-dec3-4c65-81cf-6190151fa14e,minecraft:cow,true,Cow,[null]
112.15830127302411,64.0,17.161998026401612,43cf98c2-4946-4ecf-9b76-b1ca75c32c69,minecraft:cow,true,Cow,[null]
99.86769776199104,63.0,10.850774526085955,8e9fe7c8-b68a-4618-b2a5-9543efbc57f6,minecraft:cow,true,Cow,[null]
106.48859302552255,64.0,8.803657238926476,faf5fbc4-860a-4ee0-9d5b-4546e41db281,minecraft:cow,true,Cow,[null]
107.18412709838891,64.0,13.72822328471184,58c3228e-cda1-4a86-b49d-6557fb11a2c8,minecraft:cow,true,Cow,[null]
122.31786039922163,30.0,-11.53201452867891,68f3132f-91f8-4643-b4f5-bf0e04bf0f3c,minecraft:enderman,true,Enderman,[null]
115.5,31.0,0.5,2edcd05c-9c04-435c-95e7-ba228c2ee147,minecraft:skeleton,true,Skeleton,[null]
119.3559921640859,32.0,7.353622063387311,62a075f0-854c-4152-9954-f6ab796e2e0e,minecraft:enderman,true,Enderman,[null]
115.70387307454658,31.033217069709046,3.369189945784658,fbd332ef-e841-4a78-a076-ebb8683e2aaf,minecraft:bat,true,Bat,[null]
67.15308351016877,70.0,97.8468383485439,c0e349f0-9e72-4c4e-9128-06cc85317f7a,minecraft:cow,true,Cow,[null]
60.0,70.0,102.0,bed80db6-b129-4603-a6f6-5acd04c125de,minecraft:cow,true,Cow,[null]
61.0,70.0,102.0,2e492b3a-c182-4a43-9cfd-39fd1c4b4910,minecraft:cow,true,Cow,[null]
136.77788669270527,21.0,104.4902844365213,980d24a6-30bd-41af-854b-6a22cb65df47,minecraft:creeper,true,Creeper,[null]
139.30000001192093,20.0,107.37670350360038,59aaee76-1f33-4745-b3f4-487394e8dd82,minecraft:zombie,true,Zombie,[null]
139.30000001192093,20.0,105.9329775033201,edac015d-cf4f-402b-9551-26504ab96879,minecraft:creeper,true,Creeper,[null]
139.30000001192093,20.0,105.30000001192093,b02ffd62-eec2-420a-be60-8ef64a1a4217,minecraft:zombie,true,Zombie,[null]
141.24736936107558,20.0,119.48234109252249,73c1a230-76c5-4519-bfd0-b1c1f07f05a5,minecraft:zombie,true,Zombie,[null]
146.61259457143808,30.90888269053727,98.63537266410961,e9367a21-709e-4b58-ada7-d5115e60e649,minecraft:bat,true,Bat,[null]
149.66481400549267,31.774865728184736,93.71834118119283,d227ec9b-0a63-453d-a082-b6cd121030b0,minecraft:bat,true,Bat,[null]
58.612038832557886,69.0,34.54433678545347,5aaa128e-9777-4fab-bbcf-223ade9b9b00,minecraft:chicken,true,Chicken,[null]
153.55590940253467,64.0,3.486827984879652,de6778ce-2b5a-49e7-98cc-4c61c58996fe,minecraft:wolf,true,Wolf,[null]
163.21170711100643,64.0,3.157954890032659,47c7147a-7648-4fcd-9f97-a9f52a701898,minecraft:wolf,true,Wolf,[null]
155.15209937244813,16.0,88.63320476246831,75951062-71d3-437e-837e-c69da1b580cd,minecraft:creeper,true,Creeper,[null]
154.20541737391665,16.0,87.3441792057648,6370e7f1-ee5f-43e8-9b5f-5e21871851fe,minecraft:skeleton,true,Skeleton,[null]
154.69999998807907,16.0,87.97568516245951,12ead808-06fe-4d6a-91c5-219518ae9671,minecraft:creeper,true,Creeper,[null]
153.80927502737072,16.0,90.48067010531966,0a0da6b8-5bd7-4dc5-9227-0673b04e46ad,minecraft:zombie,true,Zombie,[null]
144.67914814367148,26.0,108.33212087374383,895b9909-ecc4-4128-ae3a-e5cb0dcad495,minecraft:zombie,true,Zombie,[null]
155.53616460267136,46.0,70.6859318180565,8b5ed5c4-9e7a-47d9-9689-22529d8f7361,minecraft:zombie,true,Zombie,[null]
155.32740482328217,46.0,71.20430759726192,db88177a-300a-4f5d-8c98-360c35499d10,minecraft:zombie,true,Zombie,[null]
156.4381501668689,18.0,56.258887354322425,018186b2-4e64-4214-b188-7b4eac4f8ba4,minecraft:skeleton,true,Skeleton,[null]
164.23491801491656,46.0,46.81156794723201,e17bcabe-f4a5-436a-a550-1ef2910c70ef,minecraft:zombie,true,Zombie,[null]
163.25131724617341,64.0,3.8373003674144073,8a88b691-0029-42eb-87e8-6cad2b452ce3,minecraft:wolf,true,Wolf,[null]
160.09311387725154,46.0,49.30000001192093,b588b65e-05e9-466a-83d5-30401c77e8fc,minecraft:zombie,true,Zombie,[null]
177.68383974352128,42.1143484483971,52.26521235218269,50750c59-f645-412b-bc9f-15101ea7b188,minecraft:bat,true,Bat,[null]
161.83084783336795,45.605915918241855,49.99792995247159,9cd41def-5b23-4554-a4f9-0ccc44f7939c,minecraft:bat,true,Bat,[null]
159.30000001192093,46.0,49.97983273597269,e86891ad-a4c7-49e2-85ac-465683219394,minecraft:zombie,true,Zombie,[null]
116.42462000226561,31.336046805217073,-0.9726255095270174,788ab62b-83a5-412f-bb34-b50f4d102e2a,minecraft:bat,true,Bat,[null]
122.10050698244349,29.333567926204154,-23.454837850515357,3439615f-1417-4c5f-991b-c0e53eb7779b,minecraft:bat,true,Bat,[null]
106.69999998807907,12.0,123.59731409680569,fee1c4c3-ac68-4d7e-b2ae-24c05bc12c42,minecraft:zombie,true,Zombie,[null]
127.54669262166595,14.0,116.73057050374295,a3fbd239-197c-4a94-acd4-6efb3f45e42c,minecraft:skeleton,true,Skeleton,[null]
117.68718299422409,22.520459712537225,128.96586517944996,fbad7c99-b57d-460a-bdc5-a7516b3fb736,minecraft:bat,true,Bat,[null]
36.457463554118526,67.0,0.5848046925457828,60e525a5-271e-4bd4-8422-c5dbf71d4d93,minecraft:chicken,true,Chicken,[null]
33.0,63.0,-3.0,d9a0d99f-728c-4995-b31c-7e1e9cdcc6d0,minecraft:chicken,true,Chicken,[null]
35.777670222386654,68.0,6.158496251250639,cf229b23-8b5f-4cfa-a356-acbf88660b9d,minecraft:chicken,true,Chicken,[null]
47.211591444931564,65.0,27.867318758088324,ba7ee79f-7e97-408e-89c2-c52903b94d93,minecraft:chicken,true,Chicken,[null]
52.67986937188357,65.0,36.31622602527005,167b4d90-cdb5-432f-972d-7ac8751c147e,minecraft:chicken,true,Chicken,[null]
151.7416471157636,64.0,-6.265732198947305,e1584ceb-b498-437b-8f31-6c963156f7b5,minecraft:wolf,true,Wolf,[null]
160.52065302703542,27.0,118.20041591808513,bc3b1819-f953-48bc-a5f5-849bbcb215b3,minecraft:zombie,true,Zombie,[null]
151.1280092798007,27.0,114.42618662863505,c25aa5b1-0cae-44b7-9924-dcf602736e99,minecraft:skeleton,true,Skeleton,[null]
157.995241079491,29.0,127.02817137118878,678db1d5-dd61-421e-aca0-17b9b1388c90,minecraft:skeleton,true,Skeleton,[null]
136.69999998807907,19.0,118.28609760621727,03fb4486-8012-4640-9b34-6cdb2e796534,minecraft:spider,true,Spider,[null]
146.5,27.0,114.5,d8fa9cc7-63fe-45f2-ac1b-dbb6e85a618e,minecraft:zombie,true,Zombie,[null]
159.39411866433673,27.0,116.24935304454097,590d8931-c6cc-4dbf-a492-1b893e547a1f,minecraft:zombie,true,Zombie,[null]
151.84119396440573,27.0,114.49483183631855,1bb5a13f-286d-4054-8e2c-719b6a901e27,minecraft:zombie,true,Zombie,[null]
152.4365498378053,32.0,122.24168511959397,2148ca39-281b-40b2-b18d-2cb9168f5f0a,minecraft:skeleton,true,Skeleton,[null]
153.0821293755059,32.0,122.27807151310537,87a514f8-c1aa-4462-9f3c-8a6c7bde7a3d,minecraft:skeleton,true,Skeleton,[null]
153.30000001192093,32.0,124.51907987359098,7265912f-1a65-4fd1-89e2-26775144c552,minecraft:zombie,true,Zombie,[null]
167.23733472278843,26.0,124.2115632841981,d113eed6-ec57-4bc6-899e-db0f77de71fc,minecraft:zombie,true,Zombie,[null]
180.5,47.0,78.5,5baf897b-6ba0-4b81-ad6b-8db1f46f050a,minecraft:zombie,true,Zombie,[null]
177.6570068110244,48.0,78.48621107018623,01f1b04b-6a49-4be6-911e-a002955a196e,minecraft:zombie,true,Zombie,[null]
179.44707312798408,49.0,80.23515776585388,948e12a5-0bf4-49d0-ac88-1df4a0bab60f,minecraft:skeleton,true,Skeleton,[null]
194.24820916744252,45.0,84.17129568895021,2ebab9d4-32fc-4894-b01c-54af187330c2,minecraft:creeper,true,Creeper,[null]
114.78524207370499,29.925090670604483,-30.25,43e0e2e2-2e1e-4437-808e-d5d9a516254d,minecraft:bat,true,Bat,[null]
119.65330963536253,21.0,133.33908255836036,10ebf39c-0403-4565-9c65-d9a49317a3fb,minecraft:zombie,true,Zombie,[null]
119.0120581770923,22.0,134.01529639660302,d03e147b-99b8-4713-a2d5-a866fd92c4a6,minecraft:zombie,true,Zombie,[null]
116.41202092558073,20.0,124.81741564747605,89006442-8445-424f-96f3-6d76c49b9af3,minecraft:zombie,true,Zombie,[null]
123.16901032640361,20.0,138.15510259263775,a755d480-fa42-430c-9bc7-ce751a9c291d,minecraft:zombie,true,Zombie,[null]
137.3438026529435,18.28185311501194,136.33873020733412,9a8942b2-f8d0-4015-81c1-dd1c94cbb36a,minecraft:bat,true,Bat,[null]
128.59261125712743,20.490825428022127,134.65284491847757,24523afa-aa56-493d-a348-97fed9cf8961,minecraft:bat,true,Bat,[null]
134.21915160204009,18.03550607297799,132.46126115951043,63ca159b-a4ab-4310-a0fa-eb66d1b47ee1,minecraft:bat,true,Bat,[null]
136.78818536755165,18.022889630543663,137.42004394718097,f0386163-9836-4129-90b7-78cb39f06304,minecraft:bat,true,Bat,[null]
23.450061335565376,69.0,7.120331481691519,0c950504-ca8b-4dbe-9557-3a5b99f9362e,minecraft:chicken,true,Chicken,[null]
120.78281925329239,20.0,136.26901834015555,3e106d94-4213-4af2-8241-fe01e55e67f2,minecraft:skeleton,true,Skeleton,[null]
121.82523371219241,21.0,132.5111552046875,aaa1a163-6281-4c65-bafe-6821d46baa02,minecraft:creeper,true,Creeper,[null]
146.63093057448944,52.0,125.73871273465026,fea8e8a7-f0d4-4fee-8f5d-02fef6c473e1,minecraft:spider,true,Spider,[null]
148.55164837705996,16.0,134.60710622767755,428c7cdd-59d2-4f45-9fd6-71e417bcbb11,minecraft:creeper,true,Creeper,[null]
148.50143979260238,19.0,128.7312668067926,7d2efe05-d3fb-40cc-8a2b-49481d3101a8,minecraft:skeleton,true,Skeleton,[null]
154.0580553188368,32.0,124.51065494992986,a590ad52-9f08-4d24-81b8-a771ae24fb3a,minecraft:zombie,true,Zombie,[null]
146.2905965641924,52.0,126.89285455206486,3b87f9e5-1a37-47db-a3bd-1e0abca1ec7d,minecraft:skeleton,true,Skeleton,[null]
167.5,15.0,136.5,1e9e9700-f53d-4a23-82de-9c991b8706a3,minecraft:skeleton,true,Skeleton,[null]
166.69999998807907,14.0,136.5,4cefeca1-bd9a-452d-8486-2f9430ca2b3e,minecraft:skeleton,true,Skeleton,[null]
191.9120081363546,13.167902469239909,127.51498129309542,f6b4bbe8-beb0-4271-b188-d215cfc28027,minecraft:bat,true,Bat,[null]
185.875,24.0,143.25,16e79275-e57e-4064-b691-ff64cbf83b34,minecraft:item,true,Rail,[null]
184.8729043219092,24.092819769808695,136.125,01f46df3-3ded-49ee-8676-e5ab403369d7,minecraft:item,true,Rail,[null]
25.81670933279274,73.0,-36.74623372865005,55c0be40-96f8-4e09-b7f9-196d0de5fc94,minecraft:sheep,true,Sheep,[null]
103.21316897048965,45.0,-36.74939535057387,0c8fd333-7a54-4b36-8c92-d5a992809ee0,minecraft:zombie,true,Zombie,[null]
70.25,30.0,-43.56287352844806,575dc631-f0ea-4ac1-9318-7e79d17e7290,minecraft:item,true,Rail,[null]
70.6490253773475,30.0,-33.75,13edca8f-5dfa-46ff-a51f-2342b5f19d2a,minecraft:item,true,Rail,[null]
68.80284143617419,30.0,-43.598528455321926,7caef3b4-4a51-4746-803c-4bc9c83dc609,minecraft:item,true,Rail,[null]
68.79654610717623,30.0,-45.77217389490751,466acd32-d2b4-4742-aa4d-86f7ce990c36,minecraft:item,true,Rail,[null]
69.31182165076514,30.0,-32.56647185025308,bdb6ea92-45c7-421d-8c72-1aa4868feaea,minecraft:item,true,Rail,[null]
197.50356481601608,31.0,99.28962043013257,91db006a-c17b-4b5d-ad8d-3f9d46febf6b,minecraft:skeleton,true,Skeleton,[null]
198.5,34.0,89.5,2dffadea-be2f-41e9-a800-142f8ec9379b,minecraft:skeleton,true,Skeleton,[null]
192.92004040259957,45.0,81.72667705310474,9b682eba-5e7b-4ef9-a127-15ae8d96c449,minecraft:creeper,true,Creeper,[null]
204.15740840651824,72.0,114.65770357968131,376060b0-40be-4220-a850-afb815aa57a0,minecraft:horse,true,Horse,[null]
206.96905561474873,72.0,109.85098271220248,35ebb25f-6d00-4190-87ce-89c439026e75,minecraft:horse,true,Horse,[null]
67.16579311418097,66.0,154.849790954664,1ded5b07-8327-4fd5-9e00-ee2ed1023bc7,minecraft:sheep,true,Sheep,[null]
107.1031676784024,24.0,149.55850039420514,2f94a939-36b7-4405-821c-cbda2e66d2c6,minecraft:skeleton,true,Skeleton,[null]
122.59997970513729,70.0,160.51635939298194,eb3af457-5ed0-44e8-bf6b-63ee69d8baab,minecraft:chicken,true,Chicken,[null]
107.91268522092304,64.0,149.912723090165,b6dfe164-7c9e-4040-9a75-b1ed9970fbaf,minecraft:chicken,true,Chicken,[null]
105.92782767544178,64.0,165.07220412894688,8576caa0-2b4e-46a8-bdb1-64cad3520497,minecraft:chicken,true,Chicken,[null]
113.83944049886925,64.0,157.81062200789717,6ce50eae-128a-4330-aacd-252f93dec0f0,minecraft:chicken,true,Chicken,[null]
134.34348173514994,19.357891695363428,136.49166369582068,05db097c-9d76-4d8e-bf26-de23a143ec84,minecraft:bat,true,Bat,[null]
156.49672261945565,25.0,169.39562246427957,d289d95e-3a9f-4244-a2e2-f809701b38f2,minecraft:enderman,true,Enderman,[null]
153.6018975528319,58.79904194828123,-50.045010669976335,3df85523-497e-489f-933d-14d0b3e773da,minecraft:squid,true,Squid,[null]
152.177934064297,61.916272978298366,-45.62792401667684,60e1139c-f271-4d12-885e-b4903a2d0f4b,minecraft:squid,true,Squid,[null]
3.788859936262603,70.0,48.76601685394555,6729c015-6d99-4afc-89dc-5da3173d2532,minecraft:pig,true,Pig,[null]
184.43737714707498,24.0,146.81262913476746,f4db9429-06af-496b-aeee-a37bb80d12b3,minecraft:item,true,Rail,[null]
193.21810017275223,14.100000023841858,118.35238195115474,44fd5352-d945-4857-b9cc-d33d4053c637,minecraft:bat,true,Bat,[null]
193.5,20.0,119.5,59c06088-b702-4919-a2d5-c6e64b7e16aa,minecraft:zombie,true,Zombie,[null]
193.60350750637684,20.0,120.39932102607237,2ac1765e-0ae7-4238-b9eb-b8eb9721d753,minecraft:skeleton,true,Skeleton,[null]
10.83206513162158,70.0,-58.16061686940216,8f41d290-0675-438d-8a6e-7029d6c0dd6f,minecraft:sheep,true,Sheep,[null]
17.223416419118124,71.0,-51.765677536678254,0d9cada7-dfe1-4833-9c38-bb954bde9b00,minecraft:sheep,true,Sheep,[null]
28.51126824223735,71.0,-59.21994512417721,5a98f25d-cc76-4d85-98aa-5ecf6c786121,minecraft:pig,true,Pig,[null]
209.0,63.0,20.0,8316cf64-0184-4297-a736-155df19e9e9d,minecraft:sheep,true,Sheep,[null]
212.05620772877887,63.0,15.120037663239053,608883db-1cef-4d45-9863-082165d2284f,minecraft:sheep,true,Sheep,[null]
204.7725415323471,63.0,18.49697094931967,4633a27b-9222-48fb-a76b-a7592bc356d9,minecraft:sheep,true,Sheep,[null]
216.1986299866617,63.62749190089896,16.30118339748264,8dd8f2c5-0819-4418-b302-a0368f0e4a5d,minecraft:bee,true,Bee,[null]
222.07753814462248,63.0,9.935192575946077,59a4305c-5bfb-44cf-9b94-5b8ff7d44fd4,minecraft:chicken,true,Chicken,[null]
223.8461007662932,63.0,8.468361821412689,031e9d77-a702-4aa9-91bd-624320819392,minecraft:chicken,true,Chicken,[null]
220.20635545931322,63.0,12.771800519244813,caa63f1c-4452-4896-b60d-69b7cd38bbea,minecraft:sheep,true,Sheep,[null]
215.81158799136642,63.57001094726167,15.599563948478206,77ca28ef-5b14-49fa-a6c5-cd8b874d1f3a,minecraft:bee,true,Bee,[null]
213.5,30.0625,172.5,33fd6e1e-4b4d-45ba-a2c1-296abb8f58f0,minecraft:chest_minecart,true,Minecart with Chest,[null]
217.4421385337677,34.0,75.76862820489802,517ac2cf-ca19-4c71-b5d9-f105092e811d,minecraft:zombie,true,Zombie,[null]
211.41680825143672,33.0,79.39624746028943,c86bb2b7-ca1c-46f2-9fa8-f1162e5b2e2a,minecraft:zombie,true,Zombie,[null]
208.79487503506473,34.0,81.79487503506479,b75b5e1f-d8b6-411d-84ee-2a31689fe994,minecraft:zombie,true,Zombie,[null]
217.33007629058332,32.040846273259895,99.81348919072875,c5b1fc85-13ee-47bd-9f0b-9acf14900c0d,minecraft:bat,true,Bat,[null]
17.469535992816432,65.0,163.73942038482434,0ddaf1c8-fa22-47fb-a5fa-0f03082f613f,minecraft:sheep,true,Sheep,[null]
-13.0,65.0,10.0,38f1ee45-aa66-4e27-80ff-079fc03c4fba,minecraft:cow,true,Cow,[null]
102.80517020989602,63.0,163.86112054968416,9dd7c591-0a0c-4a69-b6e9-f7e0192ff6a5,minecraft:chicken,true,Chicken,[null]
104.0160801510989,63.0,166.0196139978728,0ab57971-db96-4079-9941-4d947081135c,minecraft:chicken,true,Chicken,[null]
126.84569491733214,53.0,166.83789424606303,4ad535f2-3670-4b16-9735-5c6442a39238,minecraft:witch,true,Witch,[null]
132.16552633568676,52.0,176.22842695088917,0c52769a-0fb5-46e2-8c56-93e185bc42a3,minecraft:creeper,true,Creeper,[null]
116.81270454913552,72.0,168.21007762365423,441c7c6c-49f4-4a0d-8158-dee560e177f8,minecraft:chicken,true,Chicken,[null]
114.57347513514513,74.0,172.10176410701814,f00a1014-dd44-4d4f-8e68-12b0962bb495,minecraft:chicken,true,Chicken,[null]
127.55682541102863,52.0,172.25179339851155,18675670-b35d-4073-a913-636c428a6bdb,minecraft:skeleton,true,Skeleton,[null]
156.95016134534248,25.0,172.80351859311062,b99b1a58-9549-4fac-b99f-a4c34f222099,minecraft:item,true,Rail,[null]
150.97050463906444,60.669309376506135,-46.59127735549696,a7357782-6a63-444c-b69e-7489a26b6954,minecraft:squid,true,Squid,[null]
159.89247032860294,56.32286601397209,-54.00165672763251,69557066-3e1c-4d46-83db-5cd437e888b8,minecraft:squid,true,Squid,[null]
-3.501135587022768,70.0,89.76469264312568,d313acfe-022a-473c-8e0a-c56582aed180,minecraft:chicken,true,Chicken,[null]
-1.8958713393535742,68.0,106.1040898750744,e1d7d240-6f5b-485d-b9fe-6e0382ada69b,minecraft:chicken,true,Chicken,[null]
-13.215547304516452,69.0,98.50910644852071,4a30e744-a57d-41b3-982b-5d381499055e,minecraft:chicken,true,Chicken,[null]
3.7999999970197678,69.0,99.50861188629952,49c24e48-a1af-405f-9570-cff16e073ae3,minecraft:chicken,true,Chicken,[null]
160.08926459431612,25.0,175.74377323194233,02d58136-80e5-4e3b-8c3f-e174041f95a9,minecraft:item,true,Rail,[null]
187.73097664064952,74.0,167.81321971804707,dfd73009-a99a-463d-bba1-cbe490ef95d4,minecraft:item,true,Wheat Seeds,[null]
187.51992333184478,74.0,168.6324511703282,263e00c3-34e8-4fa9-b22f-f4c24849d086,minecraft:item,true,Wheat Seeds,[null]
187.71885820971664,74.0,165.2421803330004,d3d309de-8d7a-45a5-a2be-62a099d6afb0,minecraft:item,true,Wheat Seeds,[null]
6.0,70.0,-77.0,08ef163b-04d1-4978-baa7-9bfbde952af6,minecraft:chicken,true,Chicken,[null]
18.11580774984906,72.0,-66.40313258235796,07f8c51c-b75f-40e9-a8e4-7495d996b330,minecraft:chicken,true,Chicken,[null]
8.88207795343378,70.0,-69.86737552929678,80cc2ce7-9752-4362-9a0a-9caada66f0ef,minecraft:chicken,true,Chicken,[null]
60.5,29.0625,-73.5,a31a9418-656d-4437-822a-6823ece2c6ab,minecraft:chest_minecart,true,Minecart with Chest,[null]
62.19036593244533,72.0,-81.86456259948224,ce1158f7-5d3c-4b04-b1e2-af00a3677353,minecraft:pig,true,Pig,[null]
226.0,63.0,7.0,94b53b83-452a-41dd-bc15-37e6f80e3802,minecraft:chicken,true,Chicken,[null]
230.14043189607793,63.0,15.140462185628374,9d075df5-82d1-4b88-8864-a517029e5e73,minecraft:chicken,true,Chicken,[null]
233.58322122538,63.0,51.11940593148355,c1151f62-c338-4905-8a6d-fe3a2524b280,minecraft:item,true,Wheat Seeds,[null]
90.5,24.0625,-70.5,4da7dba3-8534-4f16-a7b2-a4ab25062ea9,minecraft:chest_minecart,true,Minecart with Chest,[null]
85.5,24.0625,-73.5,d72a48fe-96a0-4bbd-83ad-954e78492df2,minecraft:chest_minecart,true,Minecart with Chest,[null]
89.38701825130701,24.0,-77.40802503445529,c457a837-2393-4eb7-808d-6ca24ee13b1d,minecraft:item,true,Rail,[null]
232.5,26.0625,167.5,ef5b4e81-f824-45d5-9bc3-01702b2b93e9,minecraft:chest_minecart,true,Minecart with Chest,[null]
235.875,21.025914189668104,180.875,7d40ee3a-94d8-46eb-a9fd-2c7a514401c8,minecraft:item,true,Rail,[null]
234.04700693951193,28.0,-58.4937391797375,3e2d1b9e-458b-4d47-9aff-92f0c4692416,minecraft:item,true,Rail,[null]
237.5,37.0625,-48.5,5c042a3b-aa8b-4e72-998e-2eab33009aaf,minecraft:chest_minecart,true,Minecart with Chest,[null]
118.70985133530695,23.0,-78.125,95474f14-3819-4d23-a84d-0f802b809528,minecraft:item,true,Rail,[null]
120.02726021917637,23.0,-79.317257538388,170c392d-fc9f-4e2d-a972-fff4085329f3,minecraft:item,true,Rail,[null]
-21.790108899122394,65.0,121.1387583414064,355daad6-b684-4cdb-943d-01c5ff3aecc6,minecraft:cow,true,Cow,[null]
-29.74115811651306,64.0,120.19250404470804,1bbd0756-ff1c-4480-b510-3f2a5bfb9b7e,minecraft:cow,true,Cow,[null]
-16.834066610097466,66.0,129.16708497057826,50c895c3-b37b-4199-82d3-8ffdb783dbc8,minecraft:cow,true,Cow,[null]
7.566002849477263,69.0,-81.57109836481376,e7d19702-ed8e-42d5-b3f7-6a17d1d5dab9,minecraft:chicken,true,Chicken,[null]
245.730746747335,63.0,-14.754426005857574,53300b82-416f-4402-8329-a3204e14d00b,minecraft:pig,true,Pig,[null]
244.77040656690411,63.0,-15.770382164591926,3585452a-6534-4f75-9a48-fb6657646c7f,minecraft:pig,true,Pig,[null]
246.875,64.0,56.125,b0229295-742d-4496-a043-00e44cd5ca11,minecraft:item,true,Dandelion,[null]
243.875,64.0,54.125,e113f719-9f9d-4c15-aa22-869046926d15,minecraft:item,true,Wheat Seeds,[null]
242.875,64.0,52.25822622888028,dd272947-a39a-4700-935c-d3380048b17f,minecraft:item,true,Dandelion,[null]
254.38648522050505,34.0,-57.40219850679543,8507fa30-77f6-4f5a-825c-fe90225e50a6,minecraft:item,true,Rail,[null]
255.76842995021164,34.0,-57.79231084769254,020fba49-f5fa-41bc-bb14-e7a7bc0ad733,minecraft:item,true,Rail,[null]
249.80099516078684,64.0,-41.2460656107368,6ea53be9-669a-4bfb-8322-2d508931ca12,minecraft:pig,true,Pig,[null]
81.9756037545304,27.0,-90.74918058835043,b5f0226b-7d7a-4be7-8c32-dc477cf596d7,minecraft:item,true,Rail,[null]
90.86981164858872,28.0,-84.75,2ad6357a-e638-462f-ab70-7cd4610e4ec5,minecraft:item,true,Rail,[null]
-36.56000829393293,11.0,178.72874192519555,558bb8a9-c9f8-4701-85cd-834f18698505,minecraft:item,true,Rail,[null]
-34.125,11.0,177.25,89fd5bad-bf7c-4dd6-9de6-8fd69ca0937f,minecraft:item,true,Rail,[null]
-36.875,11.0,168.37422465797164,d60d3c6b-b82c-4597-aa6d-f9d5dc191591,minecraft:item,true,Rail,[null]
243.83910039917998,73.0,147.49503510685452,fd281838-66b7-4453-8cc7-334091c91884,minecraft:chicken,true,Chicken,[null]
248.0,73.0,145.0,2f3f8e90-d6d9-4b7f-9011-f1724b212fd1,minecraft:chicken,true,Chicken,[null]
245.88588284574047,72.0,141.7983120804211,02d382c3-696e-4425-9793-4719a28e7dde,minecraft:chicken,true,Chicken,[null]
241.5,22.0625,161.5,9d80619f-57e1-4c44-ac6e-8cd22fbc1ba3,minecraft:chest_minecart,true,Minecart with Chest,[null]
255.507523895694,14.0,187.50999999046326,a67bfde9-9847-4937-bef4-9f926922f8a4,minecraft:chest_minecart,true,Minecart with Chest,[null]
244.20956033159922,14.0,185.125,fbd6f71f-441a-4821-8801-704e53bf2183,minecraft:item,true,Rail,[null]
-29.746089657681562,64.0,49.12679411529359,1b222b30-42f4-4190-8877-8ced3af0e8d1,minecraft:chicken,true,Chicken,[null]
-28.7643909379089,64.0,49.120780940685194,d0f85923-1d9a-40b5-9402-12acb678edd4,minecraft:chicken,true,Chicken,[null]
-39.58044508966778,64.0,62.799284772467885,cbe50b2d-8c10-4ef0-88f3-fc79e68b3c40,minecraft:chicken,true,Chicken,[null]
-33.0,64.0,69.0,9d34f9f6-5f74-4f73-9fdb-65cfb99c1f2a,minecraft:chicken,true,Chicken,[null]
-40.19044805199942,64.0,66.5047629620896,142faaa4-86a8-4fde-9281-eba7565d2df8,minecraft:chicken,true,Chicken,[null]
-32.42635303266404,66.0,61.93693196930887,f3b5b6e4-3683-49ae-b9a6-15182eb29ddc,minecraft:chicken,true,Chicken,[null]
150.75,19.0,204.23937726198358,841dc061-7df4-4f1d-8249-e5e7afe924ec,minecraft:item,true,Rail,[null]
172.74540260912934,66.0,-82.02574503548587,41fed492-e5fa-4497-a4a0-cf3cacedd214,minecraft:item,true,White Wool,[null]
172.246870572254,66.0,-83.21386209443456,85093b0d-6df1-47f1-8038-55e4a58e474b,minecraft:item,true,Raw Mutton,[null]
169.125,65.0,-82.65590791627865,f260221b-42dc-4d1d-8d98-2e8294f61c36,minecraft:item,true,White Wool,[null]
169.78162653201417,66.0,-82.1202287827007,28648999-9240-46ff-bc84-a17d7ff7f665,minecraft:item,true,Raw Mutton,[null]
172.83410601711984,64.0,-87.125,aee26c22-001b-4804-affd-d3d6daba51e5,minecraft:item,true,White Wool,[null]
172.875,64.0,-87.23923043275497,f872e48d-34ec-4c87-aa64-e7bbf4dd5c52,minecraft:item,true,Raw Mutton,[null]
159.2211247297826,63.0,-81.2385632221755,22a5bd46-01b7-41f6-81f7-b570f52a52c5,minecraft:wolf,true,Wolf,[null]
156.9317900512114,63.0,-80.16542615247941,5edba977-33c6-43de-a172-cfeb84682821,minecraft:item,true,White Wool,[null]
157.76224602891756,63.0,-80.56729932670555,b34e4351-ece4-4a3b-ad2b-e57ad4f15e34,minecraft:item,true,Raw Mutton,[null]
-35.79767922121738,64.0,125.25858296844169,79f080c8-dd01-4bab-8401-7f26f8ec2f2c,minecraft:sheep,true,Sheep,[null]
-38.79589778612054,64.0,125.41470285471796,3b0bd6a3-addb-477e-800d-083ff4080b34,minecraft:sheep,true,Sheep,[null]
-32.83861155853017,64.0,122.79246303303493,4a7047a0-ba96-4dbb-a1cd-e9e286b9c128,minecraft:sheep,true,Sheep,[null]
-39.616792032231295,64.0,127.21217624035759,30173597-968b-4f0f-86d6-055db28b6163,minecraft:sheep,true,Sheep,[null]
161.80954474984918,19.0,203.73003535347436,0af956e3-3af0-47ef-beb7-32d503834097,minecraft:item,true,Rail,[null]
190.5,24.0625,199.5,8033281a-1c81-4715-b7c0-1ebfa45f3ab7,minecraft:chest_minecart,true,Minecart with Chest,[null]
259.84294601603847,37.0,-57.125,0cb209c5-36d9-4ac8-8ebf-6316fcd8cbb6,minecraft:item,true,String,[null]
256.66885287115457,34.0,-59.25,67bd101d-6bde-444c-bf19-57d9929308ef,minecraft:item,true,Rail,[null]
266.25,34.0,-57.125,5990dcc5-8df3-41a5-9383-633ba759cce9,minecraft:item,true,Rail,[null]
267.8010375204317,34.0,-58.56294738067866,ec5f29b1-8262-44c8-88b8-ebb35f585f86,minecraft:item,true,Rail,[null]
266.25,34.0,-59.875,3f8c6be7-8ee3-4a98-81c1-28a067b7036a,minecraft:item,true,Rail,[null]
257.54218134324725,37.0,-67.80946003427228,b9d0c1c9-d9cd-434c-a4a2-c6358aefe340,minecraft:item,true,Rail,[null]
59.9000879775037,71.0,-103.19497507970516,f40fae3d-72b7-49fa-9345-d9a53818bda6,minecraft:chicken,true,Chicken,[null]
77.16561342345399,71.0,-101.24087832534505,fb487041-6590-4677-a7af-db391d788f3a,minecraft:chicken,true,Chicken,[null]
70.56732411098473,71.0,-99.96471227623181,19a124ee-8251-449f-89c7-bdfb58b569bc,minecraft:chicken,true,Chicken,[null]
85.54826814511236,73.0,-98.5023072925145,22faf008-4317-41c1-ae3b-bf05518eeb5f,minecraft:chicken,true,Chicken,[null]
82.53372972147015,72.0,-101.76040087141374,473d7537-0ec1-47c8-a41e-9859e66cccd0,minecraft:pig,true,Pig,[null]
80.80187177770819,71.0,-101.59927953924209,b05d63bd-0d1a-4f1c-97de-656f0089aedf,minecraft:pig,true,Pig,[null]
80.09222844877657,71.0,-100.59920249174284,1389dee8-9fe4-4cd6-bf89-bee979e5f5e3,minecraft:pig,true,Pig,[null]
84.72116905716622,72.0,-101.38493399658844,4e1dc911-e443-4f4a-9a37-a8a850f63886,minecraft:pig,true,Pig,[null]
96.5,18.0625,-111.5,b799bc17-5dde-4b3e-8fa5-46003a1baa38,minecraft:chest_minecart,true,Minecart with Chest,[null]
99.5,18.0625,-106.5,fdc41c67-b633-45c1-859c-8818497bdcaa,minecraft:chest_minecart,true,Minecart with Chest,[null]
-61.5,14.0625,176.5,2822a000-c4bd-49bb-832f-cdfd3a696646,minecraft:chest_minecart,true,Minecart with Chest,[null]
261.2913646274594,22.0,158.125,e95fa21a-ea4b-47bb-8a99-56b6d8e6e6e7,minecraft:item,true,Rail,[null]
252.9078391928805,74.0,161.19283661136498,1dc3e087-64e2-4013-8887-409eaa80b349,minecraft:chicken,true,Chicken,[null]
259.29763014845213,22.0,160.1181762693813,db4affe2-d7ca-4858-a9a8-c0e3c1fedca7,minecraft:item,true,Rail,[null]
256.7728589879445,14.0,185.125,96e680ee-5096-435a-8f34-672c38fc7687,minecraft:item,true,Rail,[null]
267.5,34.0625,-82.5,21cf3434-afec-4c1e-8530-7ec442065367,minecraft:chest_minecart,true,Minecart with Chest,[null]
265.5,34.0625,-84.5,6aa7cbc7-c0c5-42fb-959f-cd7dcf1e55c2,minecraft:chest_minecart,true,Minecart with Chest,[null]
262.5,38.0625,-83.5,0e8f87db-f64d-4261-9924-861e1d0bf2f6,minecraft:chest_minecart,true,Minecart with Chest,[null]
159.5,29.0625,208.5,b5fba067-4b7b-4c9c-aae8-b72af13defff,minecraft:chest_minecart,true,Minecart with Chest,[null]
265.875,31.252847820936363,200.39287052118377,4344395e-0d1c-405f-af9e-df0c4783c24e,minecraft:item,true,String,[null]
265.22644287841337,31.0,203.6325511183059,5ca7f45a-a666-4af1-be7b-6dcfc28dfc99,minecraft:item,true,String,[null]
263.125,31.0,194.87508656885367,b8070173-b5e7-4f36-88d4-1740fdb0b8d2,minecraft:item,true,String,[null]
264.4423509946716,31.0,193.87493660129886,cf722e4a-3801-491f-a68b-ec2afc9c04d2,minecraft:item,true,String,[null]
265.875,31.000163510083006,194.8752975016723,ce2f93b6-a2d6-4afc-9028-87bd33c82375,minecraft:item,true,String,[null]
263.125,31.0,203.25,8f846fb3-0232-49d6-ad3f-6f2f5dfafb04,minecraft:item,true,String,[null]
265.875,31.0,198.75,d5464528-bec6-4832-9bef-7bafc3b539f3,minecraft:item,true,String,[null]
152.51815667845202,66.0,-110.18417727499799,db9f3d91-d93a-41c1-a848-73bfad62919a,minecraft:cow,true,Cow,[null]
183.22049180883013,64.0,-106.74306048564794,97d3173f-0153-4572-b239-e629fd7a9f62,minecraft:pig,true,Pig,[null]
177.77703910214095,63.0,-92.77710849323127,7524361e-32a1-43b9-9815-928c7fe8b9ee,minecraft:pig,true,Pig,[null]
183.0,64.0,-100.0,cc2e0f2a-a7c7-4376-bc1d-1b346d777a45,minecraft:pig,true,Pig,[null]
-49.33359205093185,13.0,106.9402544902427,c88fbb1f-0cb3-4f39-8a43-cb2e77e8dc32,minecraft:item,true,Rail,[null]
-59.875,13.0,111.25,826adead-0519-4179-8b2b-87b62cd40afc,minecraft:item,true,Rail,[null]
-59.875,13.193218300420861,108.08726672214421,d83f85b9-5bb1-4861-ad2c-98c6b200172a,minecraft:item,true,Rail,[null]
-57.75,13.0,111.57928810569379,7c410393-30d3-41a3-875a-79a7056d17b2,minecraft:item,true,Rail,[null]
-49.75,13.0,109.5860466265683,c9203a4c-d1aa-4c4f-a55d-221057b40cee,minecraft:item,true,Rail,[null]
-54.75,13.0,104.875,0c13f862-6733-40b4-8f76-27de86bf1caf,minecraft:item,true,Rail,[null]
-56.72320958810844,13.0,97.125,f8e1b9e2-6e1b-4286-8aa5-68cb88eb3cd6,minecraft:item,true,Rail,[null]
-58.54578896767993,13.0,114.67876369965477,17bfe934-9280-4517-bde1-6771c7491587,minecraft:item,true,Rail,[null]
283.1809155762088,34.5202186109402,-52.875,53dd4141-0d44-4d22-b23d-513909e37d66,minecraft:item,true,Rail,[null]
280.3628172671298,34.0,-52.21181289168197,b7d630c0-0831-49a6-93ee-86943dcc675d,minecraft:item,true,Rail,[null]
276.1526883701547,34.0,-51.68199682041849,e6768032-f2f4-45ad-9504-8ad1b816f7ef,minecraft:item,true,Rail,[null]
277.5599821955838,34.0,-50.125,1bba7d61-f45e-480b-8c3a-076c22b67f61,minecraft:item,true,Rail,[null]
91.875,11.098690267168413,-113.875,adc779b4-acf5-46c6-9ae1-96bbaacf4369,minecraft:item,true,Rail,[null]
-66.125,13.0,171.45822879417912,51fec79f-e783-4533-b12c-5fb87238297b,minecraft:item,true,String,[null]
-64.125,13.0,171.75,9ccad9a6-75cf-402b-99de-515ea2681a5f,minecraft:item,true,String,[null]
-65.45652095748808,14.0,175.13085437073826,39d0ff42-0179-4c31-8471-d92fc096aa68,minecraft:item,true,Rail,[null]
-78.37393095698732,14.0,164.78494402563695,d12bd113-2204-41d0-a730-d3a79d66c4b6,minecraft:item,true,Rail,[null]
128.9710744930333,65.0,-128.01167978436598,0cd59cf8-a03b-42fc-bf63-8aeca1f50b3d,minecraft:sheep,true,Sheep,[null]
227.814936235547,64.0,-127.80907678702033,f29c5779-923f-4163-82d9-0ceaf91cf23d,minecraft:pig,true,Pig,[null]
15.01446556989961,63.0,239.96719212729124,902f73d2-1fd5-416e-aaee-88f965b3d005,minecraft:pig,true,Pig,[null]
14.770238976488823,63.0,238.55015662238625,8d77f48c-77d7-431d-a54b-a9bbde315a61,minecraft:pig,true,Pig,[null]
18.550081008905746,64.0,237.7556407863826,4993d908-1f02-483d-adab-9e767b8bacce,minecraft:pig,true,Pig,[null]
162.12851113967628,65.0,-119.21016325860393,3521ba29-321e-48f5-b50a-b97249b16802,minecraft:cow,true,Cow,[null]
-69.73618840484515,65.0,-81.76868641838054,81c28388-85f6-4b90-a653-354350980295,minecraft:pig,true,Pig,[null]
-77.04103092935654,14.0,132.45768248916687,7e4db4bb-da47-47a1-9716-2de14300b21f,minecraft:item,true,String,[null]
-75.05882208079163,14.0,130.65749402966827,873c25ae-f647-4533-9500-3473e119e21e,minecraft:item,true,Rail,[null]
-75.43619505709214,14.0,122.39166551621123,fd061281-3ef4-424c-b792-822398e3303d,minecraft:item,true,Rail,[null]
-78.92002185511639,14.0,118.65751868931449,711f25dc-2957-42d6-a991-0d8a9dc21e84,minecraft:item,true,Rail,[null]
-78.01564672415023,14.0,119.10441792707535,86b3a1e0-bec6-4138-8372-5264c7a6b50e,minecraft:item,true,Rail,[null]
202.5,31.0625,235.5,3749c270-798f-4587-b886-223b48efb9b4,minecraft:chest_minecart,true,Minecart with Chest,[null]
201.5,32.0625,226.5,6f994d50-8454-44c9-a52d-e39819cc6669,minecraft:chest_minecart,true,Minecart with Chest,[null]
223.39909245849796,30.0,238.25,40240e11-f00a-4b26-8362-a8c392b6b94e,minecraft:item,true,Rail,[null]
252.5,39.0625,231.5,80cf4547-fc30-43d6-b95a-4c4b97f92cc5,minecraft:chest_minecart,true,Minecart with Chest,[null]
242.5,34.0625,233.5,2be72e01-7ed8-45fc-aafb-baa4f41b4c94,minecraft:chest_minecart,true,Minecart with Chest,[null]
249.5,34.0625,231.5,a636290c-1568-4a1d-aeb8-99b06e7b051c,minecraft:chest_minecart,true,Minecart with Chest,[null]
257.5,39.0625,231.5,e96a932b-a1c8-4734-9a16-2fffff4b2d9d,minecraft:chest_minecart,true,Minecart with Chest,[null]
162.85163611395436,78.49390748022948,68.55590280928887,6d48835f-5798-3dfe-91b7-de4161fd7397,minecraft:player,true,ChasePixel_,[null]
290.0526184249379,74.0,147.04754479882996,1cb7670b-c695-4b86-8e62-7fc2695f95c4,minecraft:item,true,Poppy,[null]
289.5,34.0625,-50.5,3d831a63-26bc-47dd-9180-8b519470597d,minecraft:chest_minecart,true,Minecart with Chest,[null]
290.6394364573118,34.0,-51.52556780790785,8388a8b3-2994-4855-8ad5-ba4e9c3631e9,minecraft:item,true,Rail,[null]
315.1365444855212,77.0,136.8561302353259,6c72047f-5b7c-4961-846c-365f74526371,minecraft:cow,true,Cow,[null]
315.1972596673826,81.0,143.49023913689172,cd551f29-6738-49f1-83f2-e4ee3e847a78,minecraft:cow,true,Cow,[null]
315.1914082219987,78.0,141.47368454219398,2be75b47-7594-419e-8590-e53a44aeccec,minecraft:cow,true,Cow,[null]
320.34571842995916,80.0,90.8359066931827,db48a0e4-6c92-491d-b682-d25f02d6fd8b,minecraft:llama,true,Llama,[null]
316.0,80.0,89.0,0b43a4b3-1c7c-460d-8fd9-5eff9c4888e1,minecraft:llama,true,Llama,[null]
319.41060134008325,80.0,85.02927116984729,a7caa534-aa0e-405f-a169-46d2e7b52465,minecraft:llama,true,Llama,[null]
322.32435104144,64.0,-96.77632665451752,4d76e66f-31e0-4cef-9fbc-a7cf0efd30bb,minecraft:sheep,true,Sheep,[null]
322.09679270704544,80.0,142.49800468706272,55e206ae-9d16-4e6c-9acf-81545451be39,minecraft:cow,true,Cow,[null]
343.1315456973615,73.0,-29.503357943026096,0f19f403-97c3-43c2-bcfc-6591c16c1aaf,minecraft:chicken,true,Chicken,[null]
335.43820304359593,69.0,-23.471417296058576,36cff447-e263-4998-bd7c-fcd8ddcb17e4,minecraft:chicken,true,Chicken,[null]
332.6178574584505,64.0,-25.917781703930483,b75d62e2-38d8-4dd9-901e-cad5664dbcff,minecraft:chicken,true,Chicken,[null]
331.0,64.0,-27.0,842b016e-0f58-4bbf-a95a-47e4361001d5,minecraft:chicken,true,Chicken,[null]
301.5,29.0625,238.5,152892e6-6ad4-4da3-b0be-8040334f00da,minecraft:chest_minecart,true,Minecart with Chest,[null]
321.57623385941173,79.0,85.49796216131442,d94c7285-65c3-4d76-9a5b-080d60348a68,minecraft:llama,true,Llama,[null]
322.1993914033301,64.0,-103.90490033250062,4b9470c9-08c9-4fba-9b03-4edbded9dd32,minecraft:sheep,true,Sheep,[null]
317.7824543405671,64.0,-100.21413397642215,2be760f1-1d78-4144-86d0-ac71418eee95,minecraft:sheep,true,Sheep,[null]
322.91794791897706,64.0,-103.10207959832806,08488608-7927-4fa2-b991-bf9163a8c2d4,minecraft:sheep,true,Sheep,[null]
220.74742215167845,63.0,-129.7495674550098,741261dd-0394-4e83-a627-8284565e8578,minecraft:pig,true,Pig,[null]
226.0,63.0,-136.0,180d45bf-1fa9-4bd0-98a4-585693443b3e,minecraft:pig,true,Pig,[null]
225.0,64.0,-131.0,65f8fb48-7a9a-49bc-86a9-554bf0ef2f86,minecraft:pig,true,Pig,[null]
224.84275271423192,64.0,-129.85579756093875,bcff8f94-15f6-44dd-9fa0-d2c88035164d,minecraft:pig,true,Pig,[null]
229.787614726064,64.0,-131.18661463074085,d1404f20-0c2f-4773-b7a0-c385dbd4c7be,minecraft:pig,true,Pig,[null]
230.76791882351324,64.0,-124.80685024491424,0c6e54f1-b602-4992-8e0a-88789c9bca18,minecraft:pig,true,Pig,[null]
234.7269212356413,64.0,-131.7973743734616,b47bf667-47c0-4572-a30b-d6555e6d9740,minecraft:pig,true,Pig,[null]
47.125,28.0,-134.74309502980822,40f0c98f-850e-4c78-961d-e503d8adee24,minecraft:item,true,Rail,[null]
188.125,20.0,252.75,55c2b685-8695-4c87-8310-9f426d98d4c6,minecraft:item,true,Rail,[null]
190.875,20.0,252.75,f85136c0-de32-42f0-9756-b549864b5192,minecraft:item,true,Rail,[null]
190.3371103288057,20.0,251.744801263522,de693368-2268-44b4-a85d-89fd0edf388f,minecraft:item,true,Rail,[null]
49.875,28.0,-135.57950064638362,dce4c496-682b-4d25-a0c9-26a8a9e2c359,minecraft:item,true,Rail,[null]
48.7490857596915,28.0,-135.85446003568404,4bdf21ed-42bf-472c-9c4a-c7dfa31638da,minecraft:item,true,Rail,[null]
57.92681763947397,71.0,-139.58606050263703,831fdf37-0b15-4ad9-91aa-61b343de89c4,minecraft:sheep,true,Sheep,[null]
62.099182058897796,71.0,-139.01405049774732,7a017950-a173-4365-9eae-e03600cc51c8,minecraft:sheep,true,Sheep,[null]
54.81450276547936,71.0,-134.74999566685926,f4444f91-460a-437a-b066-8f1f7732f26d,minecraft:sheep,true,Sheep,[null]
123.8349617496909,67.0,-133.15488124957068,cb96c5e0-1a12-4ccf-ba7f-dd585f972a13,minecraft:sheep,true,Sheep,[null]
128.52106206703345,65.0,-129.01100282157518,8c46b09c-94db-4345-ab6d-7b04cfef5f6e,minecraft:sheep,true,Sheep,[null]
129.62297745569137,65.0,-129.82713058900993,08b29368-a92a-4d53-a796-6ecd4d217846,minecraft:sheep,true,Sheep,[null]
18.209799658036008,63.0,241.5181319247487,e17c09cc-98ad-4e22-ac8f-47a2c7855b86,minecraft:cow,true,Cow,[null]
6.460544058816346,62.50971111623582,252.91439888792308,121ebcef-6341-420e-b5cd-7f1600b7407e,minecraft:cow,true,Cow,[null]
39.0,63.0,244.0,6ef89bdf-4930-4143-888e-1f073d6adf9c,minecraft:chicken,true,Chicken,[null]
40.0,63.0,240.40000000596046,8fb92708-0c01-4a6c-b9e9-83c5446ba128,minecraft:chicken,true,Chicken,[null]
39.0,63.0,244.0,27c75a28-e87d-4b68-a764-87d756205ea8,minecraft:chicken,true,Chicken,[null]
262.7868723467133,63.0,-129.78715477102696,1eda484c-f16d-4eeb-976e-9b0241ece209,minecraft:sheep,true,Sheep,[null]
257.0,63.0,-134.0,79fe4664-2d2e-4c65-ae07-a29823a250db,minecraft:cow,true,Cow,[null]
258.0,63.0,-131.0,276a3b39-f2b7-4f2a-b334-1b86f7d1f70f,minecraft:cow,true,Cow,[null]
261.0,63.0,-132.0,b33b7079-a059-42e5-bc4c-997873d6959c,minecraft:cow,true,Cow,[null]
264.0,63.0,-129.0,0b80499d-1234-4bff-ac6e-162d1a3fd553,minecraft:cow,true,Cow,[null]
269.4993283279503,65.0,-143.2566864617036,dc3baa30-12e1-4bba-896e-87b00a381136,minecraft:sheep,true,Sheep,[null]
271.2647455572236,65.0,-139.49583285450944,66db1331-afa5-4a70-9678-6934c6f4a835,minecraft:sheep,true,Sheep,[null]
277.5,23.0625,-135.5,badcf8cc-7d5d-4066-98de-fadafc0877e4,minecraft:chest_minecart,true,Minecart with Chest,[null]
277.5,29.0625,-140.5,ad04b6ec-a2a7-498b-a146-56f36d6b2e49,minecraft:chest_minecart,true,Minecart with Chest,[null]
272.06509274266307,65.0,-144.04715355251085,a18296d0-aec2-494f-a513-960b8a9bbf09,minecraft:sheep,true,Sheep,[null]
362.0,78.0,180.0,d12bd008-7a4b-4cb5-8da9-6419c19c0f7f,minecraft:sheep,true,Sheep,[null]
364.0,77.0,179.0,1709a8e4-a035-4926-8400-19fab7123257,minecraft:sheep,true,Sheep,[null]
361.0,77.0,179.0,6b28b9f0-107e-45ad-9640-49b6d6215894,minecraft:sheep,true,Sheep,[null]
360.0,77.0,179.0,02bb6c47-5587-47a7-a699-c77f716c5bc1,minecraft:sheep,true,Sheep,[null]
353.396484375,63.0,-93.0,bf479af2-b1e0-4962-b880-12775f2001a8,minecraft:horse,true,Horse,[null]
355.0,64.0,-91.0,813f840d-fe74-4a24-92cb-a9739ab3f71f,minecraft:horse,true,Horse,[null]
365.0,64.0,-74.0,c1bcf868-2f5e-405e-8c63-87a0bce47093,minecraft:cow,true,Cow,[null]
363.0,64.0,-74.0,7aa4af9d-594e-4d3a-9413-7fa9e40b520d,minecraft:cow,true,Cow,[null]
361.0,64.0,-77.0,0b81afbd-99f3-4302-9e3e-4132841e6577,minecraft:cow,true,Cow,[null]
360.0,64.0,-77.0,84596d6a-96a5-4e93-8f7c-92798a169253,minecraft:cow,true,Cow,[null]
139.0,79.0,264.0,f5feb367-0b0f-44e3-9050-1d46d3d48aaf,minecraft:cow,true,Cow,[null]
135.0,79.0,264.0,a9a7e365-328b-4e3c-a504-347d547e3b04,minecraft:cow,true,Cow,[null]
127.81296992674929,78.0,264.2568172046006,3816e004-f8c6-488b-a43b-017d6d19543f,minecraft:cow,true,Cow,[null]
131.0,78.0,265.0,785eab5e-7de5-4af7-8562-945339da622d,minecraft:cow,true,Cow,[null]
137.1126626601211,79.0,261.46207578320247,4ad50550-325d-4a0b-a68f-3a3c01842292,minecraft:llama,true,Llama,[null]
131.67463887184437,78.0,262.48918597141824,ae558d16-d777-4557-b94a-694947798430,minecraft:llama,true,Llama,[null]
134.0,79.0,263.0,6b89e9f4-99bb-417b-94f8-8ce3ce42adc4,minecraft:llama,true,Llama,[null]
136.0,79.0,265.0,b0529740-cb56-4bf1-8cb1-6eb21fc239ff,minecraft:llama,true,Llama,[null]
235.5,29.0625,258.5,f35bb42b-0967-4cbc-8dee-c0f5f3fa12ea,minecraft:chest_minecart,true,Minecart with Chest,[null]
178.5,20.0625,262.5,e52b06cb-b8c2-4d01-a2d0-c70086a671db,minecraft:chest_minecart,true,Minecart with Chest,[null]
192.25,20.0,262.875,a8a963e8-9b5d-46c9-a064-0866e3f1aa35,minecraft:item,true,Rail,[null]
193.7839362482907,20.0,261.6584896387811,e203f3ab-6230-4f0a-a69d-dccb0364e8d3,minecraft:item,true,Rail,[null]
-0.5,29.5,-158.5,c170b714-f11e-42cd-8d47-ef73f0fe7752,minecraft:chest_minecart,true,Minecart with Chest,[null]
54.97987174258561,71.0,-144.0218279630784,82227406-aed6-4e7e-9941-52a669aac645,minecraft:sheep,true,Sheep,[null]
357.0,67.0,-154.0,640ab447-2967-4df0-9e80-631fcfdd417e,minecraft:sheep,true,Sheep,[null]
359.0,66.0,-152.0,839f220f-b268-497d-aade-a6f5fe5e1cec,minecraft:sheep,true,Sheep,[null]
381.0,77.0,205.0,96ea9e80-2075-45ed-8c2a-596deda16771,minecraft:sheep,true,Sheep,[null]
377.0,77.0,201.0,368765d2-73f2-4f74-aec7-96fe61fff46a,minecraft:sheep,true,Sheep,[null]
27.5,28.5,-160.5,92dc4b8b-da7d-4cde-b447-7cc40169be0c,minecraft:chest_minecart,true,Minecart with Chest,[null]
70.0,71.0,-168.0,e25da83d-bb3d-472e-b16f-a1b58ceee3d1,minecraft:rabbit,true,Rabbit,[null]
72.0,71.0,-166.0,14016928-8786-452f-b3ba-a084f3b39374,minecraft:rabbit,true,Rabbit,[null]
371.0,71.0,-60.0,ef6f41d5-4029-4096-b922-3dfe79b7e5de,minecraft:horse,true,Horse,[null]
305.0,80.0,300.0,5938df29-1b92-40a8-83e0-bae6f928cf29,minecraft:cow,true,Cow,[null]
304.89999997615814,80.0,299.0,8b07d649-92da-48c1-b3eb-513761ed1244,minecraft:cow,true,Cow,[null]
304.89999997615814,80.0,297.0,ccd25588-58aa-42d2-8eb7-35e6b12e20be,minecraft:cow,true,Cow,[null]
305.0,80.0,299.0,f616e019-a390-4706-b330-822eea0c4bcb,minecraft:cow,true,Cow,[null]
159.81828483700593,59.10032817721367,-51.39919633510643,e724750e-28a7-4a83-a9bc-29ad0018edc5,minecraft:squid,true,Squid,[null]
157.6958407787606,60.53303761035204,-46.37761425971985,d4535a6a-ded7-4e06-8333-339bba7807fd,minecraft:squid,true,Squid,[null]
159.2141994570731,59.74618562310934,-49.788111323804145,30906f45-2911-4bc6-9e4c-914b010c8cb6,minecraft:squid,true,Squid,[null]
161.57215636689216,59.785905335098505,-46.15443343669176,40e7810a-8e26-44d8-8aaf-62c3e430de9e,minecraft:squid,true,Squid,[null]
395.0,79.0,-1.0,a460bac1-c5d1-4c3d-9002-8d2f5ea2817e,minecraft:sheep,true,Sheep,[null]
